<?xml version="1.0" encoding="UTF-8"?>
<ThreadType>
  <ThreadForm>7</ThreadForm>
  <Name>Unified National Imperial Screw Thread</Name>
  <CustomName>Unified National Imperial Screw Thread</CustomName>
  <Unit>in</Unit>
  <Angle>60</Angle>
  <SortOrder>5</SortOrder>
  <ThreadSize>
    <Size>1/4</Size>
    <Designation>
      <ThreadDesignation>0-48</ThreadDesignation>
      <CTD>UNC1/4</CTD>
      <TPI>20.0</TPI>
      <Thread>
        <Gender>internal</Gender>
        <Class>1B</Class>
        <MajorDia>0.2645</MajorDia>
        <PitchDia>0.2248</PitchDia>
        <MinorDia>0.2074</MinorDia>
      </Thread>
      <Thread>
        <Gender>internal</Gender>
        <Class>2B</Class>
        <MajorDia>0.2621</MajorDia>
        <PitchDia>0.2224</PitchDia>
        <MinorDia>0.2074</MinorDia>
      </Thread>
      <Thread>
        <Gender>internal</Gender>
        <Class>tol0.02</Class>
        <MajorDia>0.27</MajorDia>
        <PitchDia>0.2375</PitchDia>
        <MinorDia>0.2159</MinorDia>
      </Thread>
      <Thread>
        <Gender>internal</Gender>
        <Class>tol0.03</Class>
        <MajorDia>0.28</MajorDia>
        <PitchDia>0.2475</PitchDia>
        <MinorDia>0.2259</MinorDia>
      </Thread>
      <Thread>
        <Gender>internal</Gender>
        <Class>tol0.04</Class>
        <MajorDia>0.29</MajorDia>
        <PitchDia>0.2575</PitchDia>
        <MinorDia>0.2359</MinorDia>
      </Thread>
    </Designation>
  </ThreadSize>
</ThreadType>
